<?xml version="1.0" encoding="UTF-8"?>
<beans xmlns="http://www.springframework.org/schema/beans"
	xmlns:xsi="http://www.w3.org/2001/XMLSchema-instance"
	xmlns:context="http://www.springframework.org/schema/context"
	xmlns:mvc="http://www.springframework.org/schema/mvc"
	xmlns:p="http://www.springframework.org/schema/p"
	xsi:schemaLocation="http://www.springframework.org/schema/beans http://www.springframework.org/schema/beans/spring-beans.xsd
		http://www.springframework.org/schema/context http://www.springframework.org/schema/context/spring-context-4.3.xsd
		http://www.springframework.org/schema/mvc http://www.springframework.org/schema/mvc/spring-mvc-4.3.xsd">

    <context:annotation-config/>
    <context:component-scan base-package="web.controller"/>
    <mvc:annotation-driven/>

    <bean id="viewResolver" 
 class="org.springframework.web.servlet.view.InternalResourceViewResolver">
         <property name="prefix" value="/WEB-INF/view/"/>
         <property name="suffix" value=".jsp"/>
    </bean>
    
    <bean id="localeResolver" 
     class="org.springframework.web.servlet.i18n.SessionLocaleResolver">
    </bean>
    
    <mvc:interceptors>
      <bean 
   class="org.springframework.web.servlet.i18n.LocaleChangeInterceptor">
          <property name="paramName" value="lang"/>
      </bean>
      
      <mvc:interceptor>
           <mvc:mapping path="/user/list.do"/>
           <bean class="web.interceptor.LoginInterceptor"/>      
      </mvc:interceptor>
    </mvc:interceptors>
    
    <bean id="multipartResolver"
		class="org.springframework.web.multipart.commons.CommonsMultipartResolver">
		<property name="maxUploadSize" value="10485760" />
	</bean>
	
	
</beans>





